sub	ses	task	run	n_volumes	mean_fd_p	median_fd_p	max_fd_p	prop_fd_p_over_thresh	n_fd_p_over_thresh	mean_dvars	site	avg_en	exclude_euler	exclude_mriqc	exclude	exclude_reason
sub-ADNI002S4219	ses-M012	task-rest		140	0.7626433377785116	0.5271971071711491	5.186328168997899	0.2142857142857142	30	1.214038438848921	2	-23.0	0	1	1	mean_fd_p>0.7;mriqc_outlier
sub-ADNI002S6652	ses-M000	task-rest		976	0.1123845808613965	0.0987892488983211	0.4217709411171025	0.0	0	1.0243122102564104	2	-34.0	0	1	1	mriqc_outlier
sub-ADNI002S6652	ses-M012	task-rest		976	0.1329760948499708	0.1176825491522155	0.6289899194604932	0.0	0	1.0544263630769233	2	-51.0	0	1	1	mriqc_outlier
sub-ADNI003S1074	ses-M126	task-rest		197	0.2905762922297154	0.0983483954450744	3.761431620773504	0.0862944162436548	17	1.1539392653061225	3	-68.0	0	1	1	mriqc_outlier
sub-ADNI003S1122	ses-M150	task-rest		197	0.0776779460691828	0.0681620174527835	0.2447905104682197	0.0	0	1.0777512653061223	3	-27.0	0	1	1	mriqc_outlier
sub-ADNI003S4288	ses-M072	task-rest		197	0.311195715951678	0.275289620500225	1.5863988498366193	0.0355329949238578	7	1.1975759183673471	3	-49.0	0	1	1	mriqc_outlier
sub-ADNI003S4288	ses-M096	task-rest		197	0.2575412604226003	0.225645070549342	1.155674131372998	0.0203045685279187	4	1.1866474540816327	3	-45.0	0	1	1	mriqc_outlier
sub-ADNI003S4288	ses-M120	task-rest		946	0.1539619282069894	0.1213154662609651	0.760409474087577	0.0	0	1.0892113322751322	3	-10.0	0	1	1	mriqc_outlier
sub-ADNI003S4354	ses-M066	task-rest		197	0.5631801783725143	0.3641880048812519	8.437252789947875	0.1269035532994923	25	1.2732170357142858	3	-45.0	0	1	1	mriqc_outlier
sub-ADNI003S4354	ses-M090	task-rest		197	0.6573584134916168	0.5305921630751326	4.906755230735085	0.2791878172588832	55	1.2493945765306125	3	-74.0	0	1	1	mriqc_outlier
sub-ADNI003S5154	ses-M108	task-rest		197	0.1339944451456093	0.1147329169755997	0.5477360550015645	0.0	0	1.174043637755102	3	-93.0	1	1	1	euler_site_outlier;mriqc_outlier
sub-ADNI003S6833	ses-M000	task-rest		197	0.1331421340522105	0.1123304377354443	0.4671854817273071	0.0	0	1.0627452806122448	3	-48.0	0	1	1	mriqc_outlier
sub-ADNI006S4679	ses-M003	task-rest		140	0.7379946854597469	0.6255254416635656	3.3994947953716217	0.3642857142857142	51	1.2015818273381291	6	-12.0	0	1	1	mean_fd_p>0.7;mriqc_outlier
sub-ADNI006S6696	ses-M000	task-rest		197	0.2887212479982284	0.213188661681296	1.5083013365628033	0.0304568527918781	6	1.315619964285714	6	-11.0	0	1	1	mriqc_outlier
sub-ADNI007S4272	ses-M072	task-rest		976	0.3000147014802815	0.2444890977836386	1.5258802084492238	0.0358606557377049	35	1.026789113846154	7	-78.0	1	0	1	euler_site_outlier
sub-ADNI007S4272	ses-M084	task-rest		976	0.2005907899063206	0.1555219951732412	1.3840855627646345	0.0133196721311475	13	1.046141278974359	7	-91.0	1	0	1	euler_site_outlier
sub-ADNI007S4272	ses-M096	task-rest		976	0.2663738810477533	0.1854628652817485	2.7270386258034502	0.0420081967213114	41	1.060531358974359	7	-141.0	1	0	1	euler_site_outlier
sub-ADNI007S4272	ses-M114	task-rest		976	0.5095959575848149	0.3937275456445978	3.800289842328206	0.1618852459016393	158	1.118433172307692	7	-126.0	1	0	1	euler_site_outlier
sub-ADNI009S0751	ses-M180	task-rest		200	0.2292677897884312	0.1035199680689048	2.5326093976410347	0.055	11	0.9994609396984924	9	-55.0	0	1	1	mriqc_outlier
sub-ADNI009S0751	ses-M192	task-rest		200	0.1619987496446674	0.0884710376221221	1.4704565931096716	0.03	6	0.9358996783919598	9	-46.0	0	1	1	mriqc_outlier
sub-ADNI009S4324	ses-M090	task-rest		200	0.3801662852919949	0.1388335880271555	7.414728858201009	0.115	23	0.8751224522613066	9	-55.0	0	1	1	mriqc_outlier
sub-ADNI009S4612	ses-M114	task-rest		200	0.255387223105501	0.208347622637299	1.5012478547525978	0.015	3	0.8521898442211056	9	-115.0	0	1	1	mriqc_outlier
sub-ADNI010S4442	ses-M000	task-rest		140	0.4142435181713078	0.3710646909425724	1.0681193776888984	0.0428571428571428	6	1.1894724676258994	10	-56.0	0	1	1	mriqc_outlier
sub-ADNI010S4442	ses-M003	task-rest		140	0.1485233157808	0.1259378055162649	0.4641819818048602	0.0	0	1.1415514604316548	10	-65.0	0	1	1	mriqc_outlier
sub-ADNI010S4442	ses-M006	task-rest		140	0.3227898926050481	0.2848589102777604	1.020575519370994	0.0214285714285714	3	1.223180251798561	10	-99.0	0	1	1	mriqc_outlier
sub-ADNI010S4442	ses-M012	task-rest		140	0.217048295293233	0.1593796071355906	1.1764481914306328	0.0214285714285714	3	1.308426604316547	10	-66.0	0	1	1	mriqc_outlier
sub-ADNI011S7048	ses-M000	task-rest		197	0.1933800567688972	0.1524486655664254	1.4343592646040766	0.0203045685279187	4	1.1586192346938775	11	-5.0	0	1	1	mriqc_outlier
sub-ADNI012S4094	ses-M072	task-rest		197	1.0521026566125018	0.7302074667054245	10.527501651831738	0.4467005076142132	88	1.012492974489796	12	-10.0	0	1	1	mean_fd_p>0.7;prop_fd_p_over_thresh>0.4;mriqc_outlier
sub-ADNI012S4128	ses-M012	task-rest		140	0.6806435248628452	0.5920187428024424	2.4586282391937635	0.2571428571428571	36	1.2240577841726616	12	-11.0	0	1	1	mriqc_outlier
sub-ADNI012S5213	ses-M024	task-rest		200	0.7301193049783703	0.6081302511408138	2.5600025355034908	0.355	71	1.10811867839196	12	-41.0	0	1	1	mean_fd_p>0.7;mriqc_outlier
sub-ADNI012S6760	ses-M030	task-rest		197	0.7070724795313807	0.594285315196533	2.356553045659705	0.3350253807106599	66	1.30034975	12	-13.0	0	1	1	mean_fd_p>0.7;mriqc_outlier
sub-ADNI013S6768	ses-M000	task-rest		197	0.7943337141612843	0.3603738435670077	5.539562499653236	0.2791878172588832	55	1.0643970357142856	13	-44.0	0	1	1	mean_fd_p>0.7;mriqc_outlier
sub-ADNI016S6939	ses-M000	task-rest		197	0.2708608140803284	0.2113810934433327	1.0988037612559192	0.0253807106598984	5	1.1050038520408163	16	-20.0	0	1	1	mriqc_outlier
sub-ADNI016S6941	ses-M000	task-rest		197	0.2639688045019737	0.1935568692973351	2.321454022657919	0.0304568527918781	6	1.0958822244897957	16	-15.0	0	1	1	mriqc_outlier
sub-ADNI018S4809	ses-M000	task-rest		140	0.6156670744038659	0.4597082672543627	2.242741455037107	0.3	42	1.1912529928057554	18	-46.0	0	1	1	mriqc_outlier
sub-ADNI018S4889	ses-M012	task-rest		140	0.2588334660656393	0.1546684007013713	1.8793660425622016	0.0571428571428571	8	1.2749405323741003	18	-8.0	0	1	1	mriqc_outlier
sub-ADNI018S4889	ses-M024	task-rest		200	0.7088621448660299	0.6642146195048096	2.101371210348729	0.395	79	1.1388431658291458	18	-7.0	0	1	1	mean_fd_p>0.7;mriqc_outlier
sub-ADNI019S4477	ses-M024	task-rest		140	0.6289339965752441	0.4591904346778123	2.961429833539216	0.2428571428571428	34	1.1200925179856114	19	-11.0	0	1	1	mriqc_outlier
sub-ADNI020S6513	ses-M012	task-rest		197	0.2132728510891423	0.0728121008049853	2.807957172825449	0.0558375634517766	11	1.0965672091836736	20	-14.0	0	1	1	mriqc_outlier
sub-ADNI021S0337	ses-M132	task-rest		200	0.1536422597264735	0.1377017293722848	0.8505605028465656	0.005	1	1.042219763819095	21	-57.0	0	1	1	mriqc_outlier
sub-ADNI021S0337	ses-M156	task-rest		200	0.1393879822421703	0.0980963093705443	0.957121789721234	0.005	1	0.937815718592965	21	-80.0	0	1	1	mriqc_outlier
sub-ADNI021S0337	ses-M180	task-rest		200	0.2163478948137844	0.1553537465362779	1.5086895264341436	0.04	8	1.0626	21	-64.0	0	1	1	mriqc_outlier
sub-ADNI021S4744	ses-M072	task-rest		200	0.1403775344136735	0.097014682988249	0.7402147475050661	0.0	0	2.2932516984924622	21	-31.0	0	1	1	mriqc_outlier
sub-ADNI021S6994	ses-M000	task-rest		200	0.2248463926931985	0.1899835279790473	0.7789087802991483	0.0	0	1.010218487437186	21	-82.0	1	0	1	euler_site_outlier
sub-ADNI021S6994	ses-M012	task-rest		200	0.1790273442307923	0.1414807155899208	0.7923482442250634	0.0	0	1.033912296482412	21	-136.0	1	0	1	euler_site_outlier
sub-ADNI022S2263	ses-M120	task-rest		197	0.1348738960928166	0.109433053263886	0.6944337214376435	0.0	0	1.0951161071428572	22	-25.0	0	1	1	mriqc_outlier
sub-ADNI022S6013	ses-M024	task-rest		197	0.2362994498320371	0.0976298401780248	2.7621360149596006	0.065989847715736	13	1.0403734948979593	22	-3.0	0	1	1	mriqc_outlier
sub-ADNI022S6716	ses-M024	task-rest		197	0.2045537308443359	0.1709586651363503	0.8715533524376929	0.0050761421319796	1	1.0576627551020408	22	-30.0	0	1	1	mriqc_outlier
sub-ADNI023S0031	ses-M150	task-rest		951	0.2009650238773161	0.1614392781015544	2.406336622057154	0.0178759200841219	17	1.0298016757894737	23	-82.0	0	1	1	mriqc_outlier
sub-ADNI023S0031	ses-M162	task-rest		976	0.2205511810837363	0.2068415484915359	1.57245864548436	0.0061475409836065	6	1.045851274871795	23	-71.0	0	1	1	mriqc_outlier
sub-ADNI023S1190	ses-M132	task-rest		197	0.3784936402065724	0.3481756889166201	1.1723764821979468	0.0406091370558375	8	1.1359882346938777	23	-91.0	1	1	1	euler_site_outlier;mriqc_outlier
sub-ADNI023S1190	ses-M144	task-rest		976	0.4996390079421862	0.440837691502036	2.0237736597692826	0.1844262295081967	180	1.0701429999999998	23	-138.0	1	1	1	euler_site_outlier;mriqc_outlier
sub-ADNI023S1190	ses-M156	task-rest		976	0.6656030322283403	0.6194941268550171	1.917339311883711	0.382172131147541	373	1.0166033405128203	23	-122.0	1	1	1	euler_site_outlier;mriqc_outlier
sub-ADNI023S4115	ses-M078	task-rest		976	0.114431263707801	0.0981454903850718	1.0933076527739047	0.0010245901639344	1	1.090190474871795	23	-85.0	1	0	1	euler_site_outlier
sub-ADNI023S4115	ses-M090	task-rest		976	0.09331474638603	0.0854156563937035	0.3901633346649344	0.0	0	1.0743098297435898	23	-91.0	1	0	1	euler_site_outlier
sub-ADNI023S4115	ses-M102	task-rest		976	0.1207664954735358	0.0986352245607122	1.0162887576890682	0.0010245901639344	1	1.045053563076923	23	-97.0	1	0	1	euler_site_outlier
sub-ADNI023S4115	ses-M114	task-rest		976	0.1210952088750832	0.1034859583820919	0.5670280444291188	0.0	0	1.0815757876923076	23	-104.0	1	0	1	euler_site_outlier
sub-ADNI023S4115	ses-M126	task-rest		976	0.0958842853972801	0.0894686968497692	0.3159350701322096	0.0	0	1.12341712	23	-98.0	1	0	1	euler_site_outlier
sub-ADNI023S4164	ses-M120	task-rest		976	0.2469453565146435	0.23836537143487	0.8313361706040894	0.0010245901639344	1	1.1399434276923075	23	-17.0	0	1	1	mriqc_outlier
sub-ADNI023S6356	ses-M012	task-rest		976	0.2056993489095653	0.0924730545995548	11.018249623199978	0.0348360655737704	34	1.0796325097435897	23	-35.0	0	1	1	mriqc_outlier
sub-ADNI023S6374	ses-M048	task-rest		976	0.1152934678254487	0.1097376650960481	0.2858632798040241	0.0	0	1.2009851815384616	23	-7.0	0	1	1	mriqc_outlier
sub-ADNI023S6399	ses-M048	task-rest		976	0.2873044108951161	0.2357251856090962	1.2871058419880417	0.0112704918032786	11	1.070193762051282	23	-46.0	0	1	1	mriqc_outlier
sub-ADNI023S6702	ses-M024	task-rest		976	0.7001893813691894	0.4693940531961273	3.691628543424689	0.3186475409836065	311	1.0403200964102566	23	-21.0	0	0	1	mean_fd_p>0.7
sub-ADNI023S6702	ses-M036	task-rest		976	0.7199590930155594	0.5413333272299641	3.757518960755269	0.3073770491803279	300	1.1082907364102563	23	-12.0	0	0	1	mean_fd_p>0.7
sub-ADNI024S2239	ses-M090	task-rest		197	0.5038100269629113	0.3289845236082077	3.979743110818526	0.1928934010152284	38	1.004001306122449	24	-7.0	0	1	1	mriqc_outlier
sub-ADNI024S2239	ses-M132	task-rest		976	0.2054032116177962	0.1895091713021934	0.6552086006034767	0.0	0	1.0251087076923078	24	-16.0	0	1	1	mriqc_outlier
sub-ADNI024S6202	ses-M048	task-rest		976	0.214945269850534	0.1957946902092031	0.8907778370816993	0.0020491803278688	2	1.047115676923077	24	-57.0	0	1	1	mriqc_outlier
sub-ADNI027S0074	ses-M156	task-rest		200	0.1057043693557555	0.0921294505968822	0.8124414695468417	0.005	1	1.1666189798994977	27	-75.0	0	1	1	mriqc_outlier
sub-ADNI027S0074	ses-M180	task-rest		200	0.1454724995900862	0.1200106907633257	0.7853309573983616	0.0	0	1.0623476130653269	27	-47.0	0	1	1	mriqc_outlier
sub-ADNI027S5169	ses-M072	task-rest		200	0.1482774588973449	0.1030178871283028	0.6952584646458584	0.0	0	1.0218765527638192	27	-27.0	0	1	1	mriqc_outlier
sub-ADNI027S6463	ses-M000	task-rest		200	0.0970411691331343	0.0808002910754123	0.4180102093403592	0.0	0	1.088536582914573	27	-97.0	0	1	1	mriqc_outlier
sub-ADNI027S6733	ses-M000	task-rest		200	0.4599259667761003	0.2872156571008969	3.263202095640452	0.185	37	1.277580542713568	27	-117.0	1	1	1	euler_site_outlier;mriqc_outlier
sub-ADNI029S6505	ses-M000	task-rest		200	0.1469019998367098	0.0763447314210085	3.1007250995223123	0.03	6	1.0609485477386935	29	-10.0	0	1	1	mriqc_outlier
sub-ADNI031S4721	ses-M078	task-rest		197	0.1719093805538729	0.1264917389873731	1.1295800441707906	0.015228426395939	3	1.197510918367347	31	-66.0	0	1	1	mriqc_outlier
sub-ADNI032S1169	ses-M132	task-rest		197	0.2219255315799269	0.1911952648198676	1.0239182794635708	0.015228426395939	3	1.2484163622448978	32	-81.0	0	1	1	mriqc_outlier
sub-ADNI032S6293	ses-M000	task-rest		197	0.0831996621001743	0.0633472183278318	0.4949483029723583	0.0	0	1.201225581632653	32	-80.0	0	1	1	mriqc_outlier
sub-ADNI032S6293	ses-M012	task-rest		197	0.2424334128849789	0.2055328093117787	1.3181904712426191	0.0101522842639593	2	1.097361198979592	32	-51.0	0	1	1	mriqc_outlier
sub-ADNI032S6294	ses-M000	task-rest		197	0.0687475516670743	0.0590733132427303	0.4468565902966093	0.0	0	1.1866909081632653	32	-53.0	0	1	1	mriqc_outlier
sub-ADNI032S6600	ses-M012	task-rest		197	0.1901843141226329	0.130440518241418	1.962829551676292	0.0101522842639593	2	1.311544612244898	32	-14.0	0	1	1	mriqc_outlier
sub-ADNI033S6705	ses-M000	task-rest		197	0.8810898429130549	0.4128798218580908	20.39844407407572	0.1522842639593908	30	1.1783084387755105	33	-5.0	0	1	1	mean_fd_p>0.7;mriqc_outlier
sub-ADNI033S6705	ses-M012	task-rest		197	1.1426163421890891	0.2793690301760366	18.536708940802143	0.2284263959390862	45	1.1384290408163265	33	-83.0	0	1	1	mean_fd_p>0.7;mriqc_outlier
sub-ADNI033S6705	ses-M024	task-rest		197	1.0717923521799764	0.3448781893397522	22.194986788096127	0.2233502538071066	44	1.123438714285714	33	-24.0	0	1	1	mean_fd_p>0.7;mriqc_outlier
sub-ADNI035S0555	ses-M132	task-rest		197	0.1274044820287842	0.0954848537471823	0.8296055651809138	0.0050761421319796	1	1.2408300969387756	35	-36.0	0	1	1	mriqc_outlier
sub-ADNI035S6488	ses-M024	task-rest		197	0.0866777930304324	0.0596876150344174	0.5536397361822367	0.0	0	1.1207490102040816	35	-52.0	0	1	1	mriqc_outlier
sub-ADNI035S6730	ses-M000	task-rest		197	0.2681578796912283	0.2175457600964269	1.6042396764100393	0.0355329949238578	7	1.17913975	35	-86.0	1	0	1	euler_site_outlier
sub-ADNI035S6730	ses-M024	task-rest		197	0.1686954467185532	0.1498764262612655	0.7864924299141672	0.0	0	1.1233225663265305	35	-109.0	1	0	1	euler_site_outlier
sub-ADNI035S7021	ses-M000	task-rest		197	0.9323832207327208	0.1237646381349132	13.26042554925476	0.1878172588832487	37	1.3073403877551022	35	-9.0	0	1	1	mean_fd_p>0.7;mriqc_outlier
sub-ADNI035S7049	ses-M000	task-rest		197	0.1414053873909722	0.0472824514993661	2.9283288946860653	0.0304568527918781	6	1.0754451836734693	35	-9.0	0	1	1	mriqc_outlier
sub-ADNI036S4389	ses-M072	task-rest		197	1.0972208121661928	0.5254476033298021	9.263365222662571	0.3299492385786802	65	1.2186442857142856	36	-29.0	0	1	1	mean_fd_p>0.7;mriqc_outlier
sub-ADNI036S4430	ses-M066	task-rest		197	0.9539772824677984	0.5184382093130655	16.608862257512623	0.3299492385786802	65	1.106373137755102	36	-23.0	0	1	1	mean_fd_p>0.7;mriqc_outlier
sub-ADNI036S4491	ses-M072	task-rest		197	0.1777835427964171	0.154544558540854	0.6766035574630582	0.0	0	1.187328576530612	36	-27.0	0	1	1	mriqc_outlier
sub-ADNI036S6885	ses-M012	task-rest		750	0.2151074022066626	0.1496664192126078	3.4523283613931453	0.032	24	1.0649192216288386	36	-38.0	0	1	1	mriqc_outlier
sub-ADNI036S6887	ses-M012	task-rest		750	0.1701370393363144	0.0999490451878422	9.703443409785391	0.0186666666666666	14	1.0058939732977303	36	-14.0	0	1	1	mriqc_outlier
sub-ADNI036S6916	ses-M012	task-rest		750	0.0726747982941781	0.0631721854123664	0.2486688482724356	0.0	0	1.1310166849132175	36	-32.0	0	1	1	mriqc_outlier
sub-ADNI036S7070	ses-M000	task-rest		658	0.1531963747564095	0.1282667014248276	1.0082169168116435	0.0030395136778115	2	1.008544891933029	36	-62.0	0	1	1	mriqc_outlier
sub-ADNI037S4071	ses-M066	task-rest		197	0.1185170008483186	0.0902188569112192	1.3792853648642645	0.0050761421319796	1	1.1673201836734692	37	-127.0	1	1	1	euler_site_outlier;mriqc_outlier
sub-ADNI037S4214	ses-M084	task-rest		976	0.1000088629710012	0.088632534832492	0.4181527683476009	0.0	0	1.141101282051282	37	-34.0	0	1	1	mriqc_outlier
sub-ADNI037S4302	ses-M060	task-rest		197	0.1176158409619559	0.0942068878270672	0.6051203256733955	0.0	0	1.097347464285714	37	-54.0	0	1	1	mriqc_outlier
sub-ADNI037S4308	ses-M066	task-rest		197	0.1259753326747419	0.0983194391741198	0.714910878529155	0.0	0	1.2912278571428573	37	-72.0	0	1	1	mriqc_outlier
sub-ADNI037S5126	ses-M078	task-rest		976	0.6982411796981562	0.560592587271182	2.20888762327747	0.3627049180327868	354	1.1374983292307694	37	-31.0	0	1	1	mriqc_outlier
sub-ADNI041S1418	ses-M132	task-rest		197	0.1669050070609213	0.0999303545988644	1.6580633511779668	0.015228426395939	3	1.09968306122449	41	-20.0	0	1	1	mriqc_outlier
sub-ADNI053S2396	ses-M024	task-rest		140	0.6542078352504126	0.6484379675703504	1.2714351982435963	0.3285714285714285	46	1.2227926115107912	53	-28.0	0	1	1	mriqc_outlier
sub-ADNI053S2396	ses-M036	task-rest		200	0.6702498695474616	0.6544233574605219	1.5547096810161287	0.34	68	1.1537246834170856	53	-45.0	0	1	1	mriqc_outlier
sub-ADNI053S2396	ses-M060	task-rest		200	0.8109226865507116	0.7901038157677478	1.5267504178916296	0.49	98	1.1491328994974876	53	-30.0	0	1	1	mean_fd_p>0.7;prop_fd_p_over_thresh>0.4;mriqc_outlier
sub-ADNI053S4813	ses-M024	task-rest		200	0.7908993547263224	0.5253317137511628	2.849087611970285	0.345	69	1.2103884221105528	53	-12.0	0	1	1	mean_fd_p>0.7;mriqc_outlier
sub-ADNI057S6746	ses-M000	task-rest		200	0.2722503957256186	0.2399586055015189	1.310873994298098	0.015	3	1.0591492864321608	57	-334.0	1	1	1	euler_site_outlier;mriqc_outlier
sub-ADNI068S0473	ses-M162	task-rest		197	0.0932678634673851	0.0798398689834655	0.4714103678841058	0.0	0	1.2564067908163266	68	-78.0	0	1	1	mriqc_outlier
sub-ADNI068S2184	ses-M138	task-rest		197	0.6073337350253958	0.4934740804360913	2.350134907261428	0.2791878172588832	55	1.1970541581632654	68	-45.0	0	1	1	mriqc_outlier
sub-ADNI068S4067	ses-M072	task-rest		197	0.0733542810238485	0.0538842963394837	0.7582380712020087	0.0	0	1.256466382653061	68	-45.0	0	1	1	mriqc_outlier
sub-ADNI070S4856	ses-M066	task-rest		197	0.5022408325634503	0.4004153886322824	2.4803528779376034	0.1878172588832487	37	1.1221463163265306	70	-35.0	0	1	1	mriqc_outlier
sub-ADNI070S4856	ses-M120	task-rest		197	0.3320038645061292	0.2424437013486954	1.474255736252629	0.0609137055837563	12	1.1439857142857144	70	-31.0	0	1	1	mriqc_outlier
sub-ADNI070S6911	ses-M000	task-rest		197	0.8060862011591355	0.6295054660963056	5.540250352772355	0.3451776649746192	68	1.1954551479591835	70	-12.0	0	1	1	mean_fd_p>0.7;mriqc_outlier
sub-ADNI073S6673	ses-M000	task-rest		976	0.1508103373591645	0.1277599417549149	0.6268127175733813	0.0	0	1.0730257025641028	73	-70.0	1	0	1	euler_site_outlier
sub-ADNI082S5282	ses-M084	task-rest		197	0.4611338947138443	0.362632376034357	2.611697011867069	0.0964467005076142	19	1.053783857142857	82	-73.0	0	1	1	mriqc_outlier
sub-ADNI098S4506	ses-M078	task-rest		200	0.2902967572491404	0.1874634833499616	3.5440280958632653	0.065	13	1.164751487437186	98	-80.0	0	1	1	mriqc_outlier
sub-ADNI098S6593	ses-M012	task-rest		200	1.313171415851595	1.113178412312552	8.435118340738162	0.77	154	1.1283100502512564	98	-87.0	0	1	1	mean_fd_p>0.7;prop_fd_p_over_thresh>0.4;mriqc_outlier
sub-ADNI098S6707	ses-M000	task-rest		200	0.1476743573451662	0.1209282547810469	1.2671261463161376	0.005	1	1.0277590452261305	98	-42.0	0	1	1	mriqc_outlier
sub-ADNI098S6734	ses-M000	task-rest		200	0.1277047585113235	0.0997590139989846	0.6487287068284352	0.0	0	1.0121005226130653	98	-102.0	0	1	1	mriqc_outlier
sub-ADNI099S4086	ses-M078	task-rest		200	0.2311072545456212	0.1986255669854294	1.1295743547340489	0.015	3	1.0829712261306534	99	-132.0	1	1	1	euler_site_outlier;mriqc_outlier
sub-ADNI100S1286	ses-M108	task-rest		200	0.9320099485183292	0.7235780025652159	3.9965898741395103	0.42	84	1.237339648241206	100	-19.0	0	1	1	mean_fd_p>0.7;prop_fd_p_over_thresh>0.4;mriqc_outlier
sub-ADNI100S5091	ses-M024	task-rest		200	0.7657306748563849	0.7537939339543356	1.8592716014127504	0.43	86	1.227488120603015	100	-38.0	0	1	1	mean_fd_p>0.7;prop_fd_p_over_thresh>0.4;mriqc_outlier
sub-ADNI100S5091	ses-M054	task-rest		197	0.2318984558632052	0.2225531341766263	0.6726041244500033	0.0	0	1.306967331632653	100	-70.0	0	1	1	mriqc_outlier
sub-ADNI100S5091	ses-M078	task-rest		197	0.1343613119428968	0.0998096494611484	0.4684448943263858	0.0	0	1.4181167755102042	100	-76.0	0	1	1	mriqc_outlier
sub-ADNI100S5091	ses-M102	task-rest		197	0.1308107628866628	0.1258142433028955	0.35340610980772	0.0	0	1.461284862244898	100	-76.0	0	1	1	mriqc_outlier
sub-ADNI100S6578	ses-M000	task-rest		197	0.2740735895891616	0.1433449314730429	1.92029604318226	0.0812182741116751	16	1.035267112244898	100	-33.0	0	1	1	mriqc_outlier
sub-ADNI109S6376	ses-M000	task-rest		197	0.1673025091110546	0.1212206187407027	0.9743490914594962	0.0101522842639593	2	1.2122683469387756	109	-74.0	1	0	1	euler_site_outlier
sub-ADNI114S5234	ses-M048	task-rest		197	0.0938770120425106	0.0793886312257423	0.3198324613595718	0.0	0	1.2251750357142857	114	-30.0	0	1	1	mriqc_outlier
sub-ADNI114S5234	ses-M066	task-rest		197	0.0795190108768837	0.0625901734777687	0.3898400308992548	0.0	0	1.1717356989795915	114	-49.0	0	1	1	mriqc_outlier
sub-ADNI114S6347	ses-M000	task-rest		197	0.1993731841533891	0.1251506828753883	1.2099699748383974	0.0406091370558375	8	1.160304392857143	114	-184.0	1	1	1	euler_site_outlier;mriqc_outlier
sub-ADNI114S6347	ses-M024	task-rest		197	0.2787323271163561	0.2066406976417776	1.7586134891503762	0.0507614213197969	10	1.2479260612244898	114	-170.0	1	1	1	euler_site_outlier;mriqc_outlier
sub-ADNI114S6462	ses-M000	task-rest		197	0.6891560858090465	0.2420792517638372	14.096032102357418	0.1928934010152284	38	0.9678008724489798	114	-17.0	0	1	1	mriqc_outlier
sub-ADNI116S6100	ses-M024	task-rest		46	3.1344864392076914	2.0032152388204203	10.815088812943271	0.782608695652174	36	1.4311425111111111	116	-11.0	0	1	1	mean_fd_p>0.7;prop_fd_p_over_thresh>0.4;mriqc_outlier
sub-ADNI116S6543	ses-M012	task-rest		156	0.3321459924561482	0.1433272780804934	3.437425346032392	0.0833333333333333	13	1.262413129032258	116	-7.0	0	1	1	mriqc_outlier
sub-ADNI123S0106	ses-M138	task-rest		197	0.2870720712457136	0.264941687393986	0.858124312788049	0.0101522842639593	2	1.3227886734693877	123	-20.0	0	1	1	mriqc_outlier
sub-ADNI123S1300	ses-M120	task-rest		197	0.2428543397764216	0.1980235218653813	0.9409628383326124	0.0101522842639593	2	1.2271325153061226	123	-25.0	0	1	1	mriqc_outlier
sub-ADNI126S4507	ses-M102	task-rest		200	0.1918644852454053	0.1547056374376246	0.8756115187552796	0.005	1	0.871651432160804	126	-81.0	0	1	1	mriqc_outlier
sub-ADNI126S6559	ses-M000	task-rest		200	0.2505099915466188	0.2402463745236966	0.7084672079222114	0.0	0	0.9814711557788948	126	-96.0	1	1	1	euler_site_outlier;mriqc_outlier
sub-ADNI126S6559	ses-M024	task-rest		200	0.1684893368653181	0.1465620835221512	0.705026355708449	0.0	0	1.1691602361809046	126	-119.0	1	1	1	euler_site_outlier;mriqc_outlier
sub-ADNI126S6559	ses-M036	task-rest		200	0.2608713015114358	0.2446621643044553	1.2060919880519108	0.01	2	1.0886424924623117	126	-107.0	1	1	1	euler_site_outlier;mriqc_outlier
sub-ADNI126S6559	ses-M048	task-rest		200	0.2656465414314562	0.208635022675807	2.1463877684364827	0.025	5	1.0232760100502514	126	-124.0	1	1	1	euler_site_outlier;mriqc_outlier
sub-ADNI127S6173	ses-M024	task-rest		6	0.0630977911414804	0.068602508110175	0.1189572483202428	0.0	0	5.2732802	127	-7.0	0	1	1	mriqc_outlier
sub-ADNI127S6433	ses-M000	task-rest		200	0.0959712629632875	0.0699410154313773	0.5975393664023445	0.0	0	0.9145326733668342	127	-21.0	0	1	1	mriqc_outlier
sub-ADNI128S4607	ses-M090	task-rest		200	0.3477832363190938	0.1518657002617938	5.694138915596121	0.09	18	0.9416680201005024	128	-17.0	0	1	1	mriqc_outlier
sub-ADNI129S4220	ses-M012	task-rest		140	0.1185090956794373	0.1010259929103077	0.494348850705061	0.0	0	1.3056213525179854	129	-7.0	0	1	1	mriqc_outlier
sub-ADNI129S6763	ses-M000	task-rest		200	0.1773163059637529	0.1347374898091435	1.167773860880703	0.01	2	0.9772154170854273	129	-104.0	1	0	1	euler_site_outlier
sub-ADNI129S6763	ses-M012	task-rest		200	0.3064350234087904	0.2698461608058787	0.923943445974564	0.02	4	1.069374311557789	129	-107.0	1	0	1	euler_site_outlier
sub-ADNI129S6784	ses-M000	task-rest		200	0.288390806278867	0.199567415995846	1.4533678569233377	0.05	10	1.1568244422110554	129	-73.0	1	0	1	euler_site_outlier
sub-ADNI129S6784	ses-M012	task-rest		200	0.3723975100047928	0.2866044143952454	1.6542603996781042	0.07	14	1.1677538994974874	129	-135.0	1	1	1	euler_site_outlier;mriqc_outlier
sub-ADNI129S6784	ses-M024	task-rest		200	0.3543133324672955	0.2558771552101057	1.6606463097528643	0.08	16	1.0878400452261303	129	-94.0	1	1	1	euler_site_outlier;mriqc_outlier
sub-ADNI130S4294	ses-M000	task-rest		140	0.2546311927304528	0.2379160752344529	0.6361016925405361	0.0	0	1.1782775755395682	130	-10.0	0	1	1	mriqc_outlier
sub-ADNI130S4294	ses-M003	task-rest		140	0.3139316495613368	0.2800461237627782	0.9465608973935392	0.0214285714285714	3	1.3082871151079136	130	-9.0	0	1	1	mriqc_outlier
sub-ADNI130S4294	ses-M012	task-rest		140	0.3026462983600922	0.2832763807423426	0.863172536585104	0.0142857142857142	2	1.2802591438848918	130	-35.0	0	1	1	mriqc_outlier
sub-ADNI130S4294	ses-M096	task-rest		197	0.1700551036255229	0.1559166833285976	0.6037884153115546	0.0	0	1.4066188214285713	130	-68.0	0	1	1	mriqc_outlier
sub-ADNI130S4542	ses-M000	task-rest		140	0.1845691644669179	0.1468665347597186	0.8053261905350383	0.0071428571428571	1	1.1167311798561153	130	-14.0	0	1	1	mriqc_outlier
sub-ADNI130S4542	ses-M048	task-rest		200	0.2738401572638607	0.2345406245394912	2.1941834587867524	0.02	4	1.0083968040201006	130	-11.0	0	1	1	mriqc_outlier
sub-ADNI130S4589	ses-M000	task-rest		140	0.6457070098325597	0.4846724937887693	2.9171913329471875	0.2857142857142857	40	1.3689395395683457	130	-5.0	0	1	1	mriqc_outlier
sub-ADNI130S4660	ses-M003	task-rest		140	0.7909016695567284	0.5021746095267778	3.1311242363594016	0.3714285714285714	52	1.1713574172661871	130	-33.0	0	1	1	mean_fd_p>0.7;mriqc_outlier
sub-ADNI130S4660	ses-M006	task-rest		140	0.7765158281530055	0.6751489870007273	3.575656329483928	0.3571428571428571	50	1.141012510791367	130	-54.0	0	1	1	mean_fd_p>0.7;mriqc_outlier
sub-ADNI130S4660	ses-M012	task-rest		140	0.7528602178739165	0.566171896133624	3.9862826859392015	0.3428571428571428	48	1.2937626330935252	130	-34.0	0	1	1	mean_fd_p>0.7;mriqc_outlier
sub-ADNI130S4660	ses-M024	task-rest		200	0.9100316658603834	0.8451378350864057	3.2953330327923345	0.53	106	1.064748070351759	130	-28.0	0	1	1	mean_fd_p>0.7;prop_fd_p_over_thresh>0.4;mriqc_outlier
sub-ADNI130S5258	ses-M024	task-rest		200	0.6324022468976387	0.5963658370548772	1.7946404717661806	0.265	53	1.1857824120603015	130	-3.0	0	1	1	mriqc_outlier
sub-ADNI130S5258	ses-M072	task-rest		197	0.3977817934018066	0.3265742138275833	1.768892883746177	0.0812182741116751	16	1.1925650918367348	130	-24.0	0	1	1	mriqc_outlier
sub-ADNI130S5258	ses-M096	task-rest		197	0.4107461868131575	0.2851536300863883	2.876786239387838	0.1218274111675127	24	1.0777019795918366	130	-9.0	0	1	1	mriqc_outlier
sub-ADNI130S6072	ses-M012	task-rest		197	0.177057442774951	0.1455146013719994	1.2149540501173512	0.0050761421319796	1	1.0827847295918367	130	-11.0	0	1	1	mriqc_outlier
sub-ADNI130S6604	ses-M024	task-rest		197	0.1392332010463776	0.1128408711733712	1.1564134994967494	0.0101522842639593	2	1.2775043826530614	130	-16.0	0	1	1	mriqc_outlier
sub-ADNI131S6143	ses-M000	task-rest		197	0.5927783522274419	0.4116088566833707	3.102744768976416	0.1878172588832487	37	1.0924748418367347	131	-13.0	0	1	1	mriqc_outlier
sub-ADNI131S6170	ses-M000	task-rest		197	0.394202122383627	0.2898937036236306	1.969216926090599	0.1065989847715736	21	1.0506696020408164	131	-21.0	0	1	1	mriqc_outlier
sub-ADNI131S6170	ses-M042	task-rest		197	0.2976675903256681	0.2184161399400291	1.3417726434918371	0.0558375634517766	11	1.0906443571428572	131	-32.0	0	1	1	mriqc_outlier
sub-ADNI131S6805	ses-M024	task-rest		197	0.7634767110338461	0.6023159902143865	3.095918703682074	0.365482233502538	72	1.0675606683673469	131	-29.0	0	1	1	mean_fd_p>0.7;mriqc_outlier
sub-ADNI131S7032	ses-M000	task-rest		197	0.5378514527742516	0.3704955100336893	4.203794426444968	0.1370558375634517	27	1.0375285153061224	131	-31.0	0	1	1	mriqc_outlier
sub-ADNI135S6446	ses-M012	task-rest		8	0.1720277485597004	0.1024830516041787	0.7158956372609494	0.0	0	3.463277285714286	135	-14.0	0	1	1	mriqc_outlier
sub-ADNI135S7003	ses-M000	task-rest		200	0.9602731505033572	0.5101397260751701	16.87532183340072	0.275	55	1.1978911005025124	135	-9.0	0	1	1	mean_fd_p>0.7;mriqc_outlier
sub-ADNI136S4269	ses-M006	task-rest		140	0.621020617685844	0.5734565531720031	1.6994998162960244	0.2714285714285714	38	1.1961089424460432	136	-12.0	0	1	1	mriqc_outlier
sub-ADNI136S4269	ses-M024	task-rest		140	0.9947648383088664	0.8944525629613809	4.862714236459146	0.6357142857142857	89	1.2351930719424458	136	-5.0	0	1	1	mean_fd_p>0.7;prop_fd_p_over_thresh>0.4;mriqc_outlier
sub-ADNI137S4299	ses-M072	task-rest		197	0.0520681204160362	0.0488375747535369	0.1380728353659942	0.0	0	1.1983239642857142	137	-58.0	1	1	1	euler_site_outlier;mriqc_outlier
sub-ADNI137S4299	ses-M084	task-rest		197	0.0701969944777375	0.0561555935661681	0.44265898797227	0.0	0	1.1589942295918367	137	-159.0	1	1	1	euler_site_outlier;mriqc_outlier
sub-ADNI137S4482	ses-M066	task-rest		197	0.1379755697595381	0.1061885103670541	0.7757226632671894	0.0	0	1.2235903316326529	137	-23.0	0	1	1	mriqc_outlier
sub-ADNI137S4536	ses-M102	task-rest		197	0.3899358515024395	0.2771901844994562	6.866379825091544	0.0558375634517766	11	1.1694219081632653	137	-29.0	0	1	1	mriqc_outlier
sub-ADNI137S4862	ses-M072	task-rest		197	0.2209208245290517	0.1664552424984076	2.444665171009509	0.0253807106598984	5	1.125759602040816	137	-42.0	0	1	1	mriqc_outlier
sub-ADNI141S1052	ses-M174	task-rest		197	0.1339840413707533	0.0966242629849972	0.8280005332823516	0.0050761421319796	1	1.0446203571428572	141	-44.0	0	1	1	mriqc_outlier
sub-ADNI141S1378	ses-M120	task-rest		197	0.5644979590438733	0.4189187742488255	2.462012707412608	0.233502538071066	46	1.1688488469387757	141	-21.0	0	1	1	mriqc_outlier
sub-ADNI141S6964	ses-M000	task-rest		197	0.183268567483255	0.1244422582081919	1.2719509511374616	0.015228426395939	3	1.1848142653061224	141	-107.0	1	1	1	euler_site_outlier;mriqc_outlier
sub-ADNI168S6051	ses-M000	task-rest		197	0.2643528192485715	0.1450857129128494	2.349184991167756	0.0507614213197969	10	1.1194858520408162	168	-5.0	0	1	1	mriqc_outlier
sub-ADNI168S6142	ses-M000	task-rest		197	0.4942087662082032	0.3630743699887497	7.967738021442662	0.0761421319796954	15	1.026841392857143	168	-43.0	0	1	1	mriqc_outlier
sub-ADNI168S6180	ses-M030	task-rest		197	0.4241778290193871	0.2673549825385719	5.292225015821555	0.0964467005076142	19	1.0198507499999998	168	-65.0	0	1	1	mriqc_outlier
sub-ADNI168S6350	ses-M000	task-rest		197	0.2808580586452563	0.2580058417434742	0.7866711730286763	0.0	0	1.1168995663265309	168	-90.0	1	0	1	euler_site_outlier
sub-ADNI168S6350	ses-M030	task-rest		197	0.2782406064713664	0.2448916082131837	0.849232496249657	0.015228426395939	3	1.1766652091836731	168	-82.0	1	0	1	euler_site_outlier
sub-ADNI168S6350	ses-M048	task-rest		197	0.2163379548507671	0.1940527090905212	0.9883559365808456	0.0101522842639593	2	0.9912011785714284	168	-116.0	1	0	1	euler_site_outlier
sub-ADNI168S6467	ses-M012	task-rest		197	0.1267194811107388	0.0946458576531191	0.8483304309470143	0.0050761421319796	1	1.2767223622448978	168	-46.0	0	1	1	mriqc_outlier
sub-ADNI168S6541	ses-M000	task-rest		197	0.0787811805242109	0.0618248068347454	0.4067219691705434	0.0	0	1.1577207295918368	168	-20.0	0	1	1	mriqc_outlier
sub-ADNI168S6541	ses-M012	task-rest		197	0.1023600870364053	0.0609456426291248	1.230973927315191	0.0101522842639593	2	1.2187330969387755	168	-20.0	0	1	1	mriqc_outlier
sub-ADNI168S6541	ses-M042	task-rest		197	0.0606142131769801	0.0391484322555713	0.6480734917059277	0.0	0	1.2256989540816328	168	-24.0	0	1	1	mriqc_outlier
sub-ADNI168S6828	ses-M000	task-rest		197	0.1187326553616573	0.0894831941934451	1.0482570704466043	0.0101522842639593	2	1.1257975153061226	168	-78.0	1	1	1	euler_site_outlier;mriqc_outlier
sub-ADNI168S6828	ses-M012	task-rest		197	0.3565345582433687	0.2718666377383588	5.09396888207196	0.0355329949238578	7	1.1608311734693877	168	-137.0	1	1	1	euler_site_outlier;mriqc_outlier
sub-ADNI168S6828	ses-M030	task-rest		197	0.2616365600234245	0.1748281096081257	6.213976184187557	0.0203045685279187	4	1.2594581734693877	168	-183.0	1	1	1	euler_site_outlier;mriqc_outlier
sub-ADNI168S6874	ses-M030	task-rest		197	0.7184559500145198	0.6838197439917919	1.6485713278248226	0.365482233502538	72	1.234471193877551	168	-47.0	0	1	1	mean_fd_p>0.7;mriqc_outlier
sub-ADNI177S6328	ses-M000	task-rest		197	0.1144416785968192	0.0967937344943777	0.4950809543303733	0.0	0	1.4546080663265308	177	-17.0	0	1	1	mriqc_outlier
sub-ADNI177S6335	ses-M000	task-rest		197	0.1403587620482717	0.1277683143089402	0.5230577607939593	0.0	0	1.0680375969387756	177	-17.0	0	1	1	mriqc_outlier
sub-ADNI177S6409	ses-M000	task-rest		197	0.1373198498186277	0.1186625913648132	0.9396350517361008	0.0050761421319796	1	1.055539	177	-22.0	0	1	1	mriqc_outlier
sub-ADNI177S6448	ses-M000	task-rest		197	0.2045652309409789	0.1771690003140886	0.5987795501359263	0.0	0	1.263627637755102	177	-15.0	0	1	1	mriqc_outlier
sub-ADNI305S6742	ses-M000	task-rest		197	0.4164731585840222	0.1435506635765814	10.531508337724349	0.065989847715736	13	1.1129577448979593	305	-8.0	0	1	1	mriqc_outlier
sub-ADNI341S6820	ses-M000	task-rest		976	0.3740991802037366	0.0978600750209215	26.31355813976856	0.0440573770491803	43	1.2459794215384616	341	-24.0	0	1	1	mriqc_outlier
sub-ADNI941S4036	ses-M114	task-rest		976	0.3486520412097758	0.2193144706181414	6.011215608228222	0.0768442622950819	75	1.012580646153846	941	-21.0	0	1	1	mriqc_outlier
sub-ADNI941S4100	ses-M072	task-rest		197	0.1341097941037007	0.0939779343402415	0.6636930057189229	0.0	0	1.1818163469387752	941	-20.0	0	1	1	mriqc_outlier
sub-ADNI941S4100	ses-M090	task-rest		976	0.1787305755987098	0.1607548355688939	0.8337626274435098	0.0020491803278688	2	1.0432117046153846	941	-54.0	0	1	1	mriqc_outlier
sub-ADNI941S5193	ses-M072	task-rest		976	0.738055375004197	0.6487849802959005	12.18996571851486	0.3668032786885246	358	1.0206216543589743	941	-18.0	0	1	1	mean_fd_p>0.7;mriqc_outlier
sub-ADNI941S6052	ses-M000	task-rest		197	0.2267527928209134	0.1734563454159448	1.3251875891412948	0.0203045685279187	4	1.1026921275510204	941	-17.0	0	1	1	mriqc_outlier
sub-ADNI941S6052	ses-M012	task-rest		976	0.4762306037215095	0.3786178102245989	4.407013362194637	0.1403688524590164	137	1.0176331025641028	941	-68.0	0	1	1	mriqc_outlier
sub-ADNI941S6333	ses-M000	task-rest		976	0.2620368655916612	0.1969011005775774	3.3549938038235885	0.0215163934426229	21	1.0378873948717948	941	-43.0	0	1	1	mriqc_outlier
sub-ADNI941S6333	ses-M030	task-rest		976	0.5536685550644748	0.4480407435860615	13.99369748680428	0.1680327868852459	164	1.0086614830769232	941	-49.0	0	1	1	mriqc_outlier
sub-ADNI941S6454	ses-M048	task-rest		976	0.21827434452458	0.1860821219327551	2.9005343731617894	0.0092213114754098	9	1.0305238666666667	941	-14.0	0	1	1	mriqc_outlier
sub-ADNI941S6495	ses-M000	task-rest		976	0.2263504928254677	0.2166868218071113	0.9487575945960034	0.0020491803278688	2	1.0500626892307692	941	-123.0	1	1	1	euler_site_outlier;mriqc_outlier
sub-ADNI941S6499	ses-M024	task-rest		976	0.1830283776629967	0.1648175335261404	0.7527194289552418	0.0	0	1.003411081025641	941	-71.0	0	1	1	mriqc_outlier
sub-ADNI941S6499	ses-M048	task-rest		976	0.1271932868640332	0.1184848057084486	0.4436822647448644	0.0	0	1.0363723794871795	941	-56.0	0	1	1	mriqc_outlier
sub-ADNI941S6580	ses-M000	task-rest		976	0.2828672474838837	0.2516051421573606	1.7866995837245994	0.0092213114754098	9	1.0856277815384616	941	-34.0	0	1	1	mriqc_outlier
sub-ADNI941S6580	ses-M012	task-rest		976	0.2478780186230047	0.219801686458896	1.0766223080528463	0.0051229508196721	5	1.041895995897436	941	-31.0	0	1	1	mriqc_outlier
sub-ADNI941S6580	ses-M024	task-rest		976	0.2077679292869112	0.1814390202783909	0.7245542115733695	0.0	0	1.0482863087179488	941	-33.0	0	1	1	mriqc_outlier
sub-ADNI941S6580	ses-M048	task-rest		976	0.2264369537345954	0.2049020423857947	0.7527580670667808	0.0	0	1.0549484287179485	941	-34.0	0	1	1	mriqc_outlier
sub-ADNI941S6962	ses-M012	task-rest		976	0.417470064613166	0.2690706536576519	4.4957293828010725	0.1065573770491803	104	1.0152187271794872	941	-67.0	0	1	1	mriqc_outlier
